20.68,6.54,303
20.16,7.35,306
20.47,7.18,300
20.74,7.35,298
20,6.86,307
20.7,6.99,299
20.62,6.76,309
20.59,6.99,308
20.24,6.84,293
20.83,7.31,310
20.13,7,307
20.07,6.77,289
20.1,6.72,293
20.65,7.36,300
20.72,7.46,314
20.47,6.51,306
20.22,7.43,296
20.05,7.04,288
20.39,6.94,299
20.45,6.83,309
20.15,6.85,293
20.65,7.25,310
20.01,7.03,304
20.55,7.3,311
20.4,6.85,311
20.38,6.59,303
20.33,7.22,301
20.83,7.23,298
20.6,6.68,309
20.66,7.22,302
20.2,7.28,289
20.88,7.36,302
20.54,6.87,312
20.78,6.78,298
20.26,6.9,314
19.98,7.27,311
20.67,7.44,292
20,6.99,298
20.83,7.29,313
20.26,7.29,300
20.19,7.31,306
20.19,6.7,304
20.2,7.28,301
20.73,6.74,290
20.12,6.55,313
20.49,7.05,295
20,6.85,288
20.17,7.41,303
20.79,7.06,302
20.88,6.96,293
20.59,7.29,287
20.15,6.5,288
20.82,7.45,309
20.1,6.6,315
20.59,7.04,298
20.75,6.72,294
20.45,7.38,289
20.18,6.65,289
20.09,7.13,315
20.61,6.55,310
20.6,6.56,300
20.11,6.83,307
20.66,7,310
20.52,6.83,311
20.51,7.24,287
20.76,6.58,301
20.39,7.1,290
20.17,7.03,315
20.59,6.57,312
20.87,7.31,304
20.07,7.25,293
20.71,6.74,291
20.41,6.53,297
20.28,7.34,294
20.06,7.4,315
20.62,7.2,302
20.11,6.77,298
20.87,6.89,309
20.66,6.93,302
20.64,7.45,297
20.66,7.04,301
20.36,6.76,308
20.66,7.42,312
20.66,6.69,290
20.8,7.09,302
20.28,6.6,314
20.18,7.01,308
19.98,7.46,297
20.63,6.56,314
20.41,6.99,288
20.78,7.13,308
20.32,7.17,295
20.33,6.9,301
20.51,6.87,289
20.57,7.09,289
20.86,6.91,289
20.39,7.23,311
20.53,6.88,297
20.48,6.95,303
20.35,7.2,310
20.35,7.05,307
20.77,6.91,295
20.6,7.3,307
20.28,7.43,294
20.67,7.34,289
20.25,7.29,302
20.28,6.74,313
20.08,7.15,308
20.04,7.21,293
20.04,6.52,289
20.57,7.01,304
20.85,6.75,308
20.16,7.05,309
20.05,7.31,302
20.38,6.59,294
20.53,6.59,294
20.67,6.92,296
20.06,6.71,292
20,6.86,295
20.34,6.78,293
20.87,6.98,308
20.44,6.77,288
20.71,6.91,295
20.5,7.09,315
20.09,7.49,299
20.53,7.32,311
20.12,7.29,308
20.31,6.65,310
20.77,7.14,295
20.83,7.38,299
20.27,7.25,290
20.46,7.03,309
20.17,7.3,311
20.02,7.2,307
20.66,6.59,308
20.88,6.97,298
20.42,6.92,312
20.8,7.47,290
20.53,6.78,309
20.22,7.19,296
20.11,7.25,303
20.15,6.57,304
20.05,6.7,308
20.82,7.07,297
20.34,7.33,300
20.11,7.14,295
20.6,7.07,288
20.43,6.73,297
20.58,7.44,290
20.41,6.5,314
20.04,7.26,303
20.25,6.89,294
20.31,6.95,297
20.42,7.12,313
20.45,7.23,291
20.53,6.74,291
20.46,6.93,289
20.4,6.81,303
20.65,6.92,315
20.53,7.31,287
19.99,6.76,289
20.09,6.54,289
20.51,7.47,315
19.99,6.75,300
20.46,7.2,288
20.04,7.43,313
20.54,6.81,305
20.03,6.97,308
20.41,7.23,297
20.83,6.74,292
20.13,6.63,292
20.02,6.87,302
20.46,6.75,293
20.3,7.22,312
20.46,7.37,292
20.79,6.89,307
20.59,7.36,310
20.77,6.69,309
20.7,6.94,290
20.72,6.62,293
20.6,6.86,306
20.75,7.37,287
20.73,7.4,305
20.83,6.74,291
20.14,7.39,310
20.07,6.59,296
20.35,6.61,310
20.35,6.97,305
20.03,6.85,308
20.39,7.27,311
20.82,6.76,314
20.59,6.77,313
20.03,6.7,307
20.71,7.45,314
20.32,6.82,292
19.99,6.54,294
20.67,7.08,289
20.42,7.4,299
20.71,6.53,293
20.09,6.98,293
20.76,6.66,294
20.45,7.28,287
20.06,7.47,304
20.86,6.83,299
20.69,6.85,299
20.66,6.76,311
20.23,6.85,289
20.17,7.49,303
20.57,6.85,308
20.77,7.36,289
20.35,6.96,310
20.47,7.23,287
20.67,7.23,300
20.74,7.32,309
20.79,6.71,291
20.13,6.94,289
20.84,7.11,300
20.45,6.66,294
20.83,6.91,306
20.77,6.82,315
20.4,7.29,303
20.28,6.55,298
20.77,6.77,288
20.39,7.14,300
19.99,7.41,311
20.8,7.22,315
20.39,6.69,295
20.45,7.04,313
20.64,6.68,298
20.2,6.62,297
20.1,7.03,288
20.09,7.3,313
20.16,6.6,294
20.44,7.14,308
20.8,6.99,311
20.75,6.74,302
20.31,6.79,308
20.31,6.71,288
20.39,7.3,297
19.98,6.83,293
20.64,7.42,290
20.86,7.08,315
20.37,6.54,303
20.75,7.27,307
20.77,7.35,314
20.87,7.27,293
20.56,6.85,295
20.35,6.85,307
20.15,6.82,299
20.43,6.9,301
20.61,6.9,293
20.32,6.68,310
20.12,6.66,298
20.25,7.31,308
20.86,6.86,308
20.29,7.29,309
20.57,6.82,287
19.98,6.79,298
20.85,7.09,291
20.62,6.98,291
20.84,7.45,305
20.26,6.94,297
20.05,6.95,305
20.24,6.71,302
20.62,6.68,311
20.63,7.25,291
20.82,7.19,292
20.5,7.44,298
20.39,6.86,287
20.1,6.9,301
20.78,7.31,305
20.18,7.28,287
20.04,7.2,287
20.4,7.46,298
20.19,6.55,288
20.06,7.18,308
20.72,7.39,309
20.3,7.32,300
20.51,7.14,304
20.15,7.1,297
20.28,7.21,296
20.23,7.1,301
20.39,6.53,299
20.19,6.56,312
20.63,7.46,307
20.48,6.68,311
20.84,6.83,315
20.38,7.15,310
20.12,7.05,295
20.19,6.62,297
20.7,7.43,309
20.86,7.34,313
20.43,6.55,302
20.37,7.25,304
20.57,6.78,291
20.61,7.14,305
20.63,7.48,313
20.16,6.89,293
20.65,7.29,309
20.02,7.3,291
20.77,7.39,291
20.8,6.92,296
20.3,6.5,308
20.56,6.97,290
20.82,7.28,298
20.19,6.91,288
20.53,6.9,291
20.66,7,308
20.7,7.22,289
20.81,7.25,299
20.68,6.51,301
20.69,6.76,306
20.78,7.46,305
20.36,6.65,289
20.41,7.1,289
20.82,7.1,295
20.45,7.19,309
20.87,7,292
20.37,7.22,297
20.84,7.11,293
20.74,6.97,315
20.27,7.06,308
20.11,7.43,303
20.81,7.33,306
20.75,7.03,307
20.69,7.34,308
20.26,6.91,313
20.67,6.78,295
20.24,7.43,303
20.04,6.68,298
20.01,6.54,300
20.59,7.19,299
20.07,7.31,303
20.62,7.49,292
20.61,7.31,308
20.57,6.76,302
20.12,7.3,294
20.5,6.7,303
20.63,7.5,295
20.68,6.56,297
19.98,6.55,288
20.86,6.92,298
20.77,7.43,288
20.8,6.65,296
20.68,6.71,292
20.57,6.61,288
20.03,7.11,290
20.47,7.13,315
20.1,6.88,307
20.09,6.63,300
20.57,6.98,290
20.67,6.69,300
20.88,6.94,311
20.29,6.58,314
20.79,6.8,311
20.77,6.53,308
20.84,6.51,305
20.89,6.56,290
20.29,6.72,296
20.17,6.74,289
20.73,7.1,301
20.01,7.14,308
20.35,6.59,310
20.54,7.2,310
20.05,6.99,315
20.6,7.45,314
20.57,7.29,290
20.13,6.69,301
20.61,7.2,313
20.02,6.81,303
20.03,6.75,312
20.38,6.84,289
20.12,6.83,291
20.69,7.27,305
20.59,6.75,298
20.48,7.12,297
20.04,6.81,303
20.67,6.81,290
20.41,7.48,295
20.19,6.77,309
20.46,7.2,301
20.5,6.68,296
20.85,6.52,297
20.65,6.82,312
20.31,6.79,305
20.26,7.15,295
20.67,6.85,302
20.34,6.69,289
20.48,7.3,298
20.27,6.87,314
20.79,7.05,305
20.4,6.87,288
20.07,7.09,300
20.06,6.83,309
20.57,6.92,296
20.14,7.02,302
20.35,6.7,306
20.19,7.29,292
20.32,7.05,287
20.8,6.53,310
20.87,7.03,287
20.4,6.66,288
20.83,6.62,292
20.53,6.57,289
20.19,6.78,290
20.35,6.63,294
20.85,6.74,309
20.27,7.01,293
20.02,7.22,296
20.3,6.84,293
20.7,6.64,312
20.57,6.82,296
20.6,6.66,305
20.64,7.1,290
20.46,6.62,293
20.45,6.61,306
20.67,7.15,288
20.18,7.27,295
20.1,6.56,293
20.08,6.6,314
20.02,6.6,287
20.61,7.17,315
20.3,6.92,297
20.22,6.71,287
20.62,6.8,290
20.08,6.6,296
20.15,6.86,300
20.73,7.3,308
20.42,6.97,309
20.06,6.92,289
20.48,6.51,297
20.04,7.07,290
20.15,6.94,288
20.74,6.93,304
20.67,7.17,300
20.8,6.82,293
20.8,7.04,313
20.77,6.94,308
20.29,6.87,291
20.58,6.67,304
20.69,6.63,299
20.74,6.73,302
20.74,6.7,310
20.87,7.22,298
20.27,7.4,302
20.75,6.96,292
20.66,7.19,292
20.52,7.08,305
20.83,7.42,296
20.16,7,314
20.49,7.5,298
20.89,6.57,313
20.74,6.98,300
20.39,7.48,299
20.7,7.27,291
20.08,7.12,308
20.36,6.63,298
20.18,6.95,311
20.33,7.02,297
20.47,6.76,312
20.79,6.79,315
20.41,7.33,303
20.01,6.99,301
20.58,6.5,291
20.05,7.14,311
20.8,7.02,294
20.43,7.03,309
20.43,7.34,305
20.44,6.84,312
20.88,7.44,309
20.87,6.87,288
20.01,6.57,305
20.46,7.34,302
20.4,7.31,314
20.04,7.31,313
20.23,6.65,301
20.48,6.73,295
20.61,6.74,315
20.4,7.12,308
20.43,6.61,313
20.09,7.1,296
20.63,6.9,293
20.5,7.03,300
20.41,7.4,292
20.6,7.1,310
20.73,6.98,288
20.39,7.02,314
20.76,6.88,312
20.33,7.05,288
20.84,7.13,296
20.34,7.47,289
20.07,6.51,301
20.47,7.48,309
20.64,7.09,305
20.54,7.32,309
20.74,7.29,309
20.31,6.92,291
20.23,7.35,289
20.73,6.75,296
20.17,7.21,289
20.54,6.51,309
20.83,6.5,311
20.86,6.63,315
20.81,7.32,305
20.07,6.73,305
20.32,7.07,292
20.42,7.3,295
20.59,6.56,315
20.71,7.34,314
20.42,6.99,310
20.01,7.46,291
20.71,7.04,300
20.43,6.6,309
20.77,6.84,315
20.22,6.6,291
20.73,6.99,303
20.76,7,308
20.68,6.88,304
20.58,6.51,302
20.83,7.11,296
20.28,6.73,298
20.07,6.58,299
20.67,7.35,294
20.3,6.96,297
20.59,7.46,311
20.32,7.44,314
20.81,6.79,291
20.12,6.77,309
20.81,7.04,305
20.86,7.15,300
20.34,6.63,313
20.27,7.07,304
20.19,7.49,295
20.8,7.35,297
20.43,6.65,309
20.48,7.45,306
20.21,6.83,289
20.06,7.22,300
20.33,6.51,301
20.33,7.07,310
20.62,7.05,307
20.81,6.97,294
20.15,6.81,291
20.63,7.17,301
20.32,7.13,315
20.81,7.38,303
20.01,6.68,289
20.46,6.6,289
20.46,6.82,306
20.83,7.43,306
20.73,6.76,288
20.15,7.21,300
20.87,6.75,307
20.11,6.93,311
20.27,7.18,287
20.55,7.38,315
20.56,6.63,307
20.03,6.57,300
20.03,7.11,294
20.02,7.47,294
20.78,6.63,298
20.46,7.23,312
20.22,6.78,306
20.71,6.89,296
20.08,6.96,311
20.03,6.6,294
20.83,7.12,292
20.7,7.05,298
20.86,7.16,315
20.59,6.66,306
20.18,6.9,307
20.32,6.87,288
20.14,6.76,292
20.69,6.79,291
20.1,6.69,295
20.72,7.22,297
20.38,7.37,315
20.74,7.4,311
20.81,7.13,310
20.67,6.79,313
20.75,7.27,296
20.82,6.57,301
20.39,7.42,296
20.54,7.12,304
20.21,7.29,315
20.25,6.64,304
20.49,6.81,300
20.09,7.19,293
20.5,7.42,298
20.2,6.78,288
20.69,6.64,295
20.4,7.36,311
20.4,7.33,300
20.37,6.67,309
20.33,6.52,300
20.67,7.09,292
20.26,7.17,308
20.73,6.67,291
20.43,6.58,299
20.01,6.98,312
20.39,6.75,295
20.29,7.45,288
20.3,6.67,300
20.32,6.72,291
20.5,7.32,311
20.84,6.73,312
20.13,7.38,295
20.14,7.44,294
20.6,7.48,306
20.06,7.49,302
20.8,6.79,297
20.6,7.08,291
20.34,6.6,313
20.76,7.32,300
20.03,6.51,305
20.27,7.43,300
20.09,7.2,302
20.51,6.56,291
20.57,6.9,291
20.66,7.31,310
20.58,6.63,303
20.22,6.74,301
20.65,7.44,305
20.66,6.97,313
20.79,6.85,304
20.55,7.32,309
20.09,6.75,306
20.39,7.5,305
20.76,6.82,315
20.17,6.77,293
20.6,6.67,313
20.86,6.69,296
20.48,7.12,300
20.02,7.38,305
20.28,7.08,288
20.42,6.64,289
20.31,7,297
20.53,7.12,300
20.64,6.5,304
20.58,7.45,315
20.03,7.07,291
20.58,6.78,292
20.48,7.46,290
20.75,7.48,311
20.74,6.72,313
20.16,6.89,291
20.54,7.3,293
20.04,7.48,292
20.08,6.71,299
20.61,6.72,307
20.7,6.89,304
20.02,7.32,288
20,6.52,288
20.37,7.22,306
20.23,6.89,308
20.5,6.87,287
20.49,6.78,297
20.42,6.89,297
20.3,6.96,298
20.19,6.77,292
20.72,7.37,298
20.66,6.96,290
20.79,7.04,308
20.12,6.97,307
20.49,6.73,294
20.47,6.82,306
20.83,7.06,290
20.49,7.35,315
19.99,7.18,290
20.83,7.26,303
20.53,6.92,289
20.44,7.46,304
20.73,7.36,309
20.68,6.63,303
20.55,6.76,306
20.21,7.08,311
20.3,6.77,301
20.23,7.14,304
20.73,6.6,314
20.44,7.27,295
20.13,6.93,306
20.02,7.38,297
20.19,6.96,309
20.2,7.32,293
20.61,6.95,304
20.41,7.49,287
20.37,7.45,293
20.81,6.54,287
20.29,6.57,289
20.69,7.13,313
20.39,7.32,295
20.29,6.9,306
20.03,7.23,291
20.3,7.44,315
20.08,6.84,301
20.5,7.04,291
20.02,6.96,288
20.55,7.42,292
20.88,6.8,303
20.8,6.59,298
20.74,7.07,301
20.73,6.61,303
20.89,7.03,299
20.57,7.32,301
20.13,7.07,309
20.37,7.09,310
20.1,7.31,289
20.51,6.51,312
20.71,6.8,299
20.82,7.5,305
20.71,6.52,295
20.56,6.73,310
20.36,7.37,291
20.28,7.12,302
20.52,7.08,310
20.36,7.41,302
20.12,6.58,287
20.06,6.66,310
20.8,7.08,299
20.59,6.79,290
20.5,7.03,295
20.04,6.66,309
20.22,6.73,298
20.47,7.37,293
20.6,7.26,315
20.65,6.61,289
20.66,7.14,289
19.98,7.46,304
20.51,7.12,301
20.37,6.96,304
20.13,7.35,305
20.19,7.18,295
20.75,6.91,298
20.41,6.92,297
20.33,7.01,310
20.89,6.66,289
20.39,6.63,295
20.76,6.93,305
20.12,7.09,304
20.8,7.22,293
20.86,6.56,304
20.24,6.92,311
20.1,7.09,288
20.58,6.64,306
20.13,7.36,295
20.26,6.88,304
20.16,7,300
20.43,6.84,312
20.8,6.62,302
20.22,6.96,292
20.02,7.22,315
20.03,7.11,308
20.3,6.64,313
20.28,7.2,309
20.49,6.67,300
20.47,7.42,315
20.17,6.85,298
20.7,6.95,305
20.61,6.9,308
20.19,7.4,301
20.74,7.08,304
20.38,6.73,289
20.69,6.6,301
20.68,7.46,303
20.65,6.65,301
20.44,6.54,290
20.18,6.51,315
20.45,7.43,306
20.34,6.86,292
20.7,7.5,311
20.79,7.15,298
20.14,7.35,292
20.73,6.86,305
20.33,7.48,309
20.6,7.4,287
20.32,6.63,310
20.03,6.62,302
20.09,6.96,301
20.34,7.19,296
20.11,7.23,298
20.42,7.2,287
20.72,6.97,293
20.22,6.75,290
20.31,6.61,305
20.69,6.63,299
20.59,6.53,287
20.07,7.11,308
20.31,6.91,295
20.1,6.87,305
20.58,6.92,304
20.09,7.1,314
20.86,7.49,308
20.79,7.2,307
20.18,6.95,300
20.57,7.09,313
20.47,6.86,290
20.22,7.36,289
20.03,6.9,300
20.86,7.48,289
20.23,7.01,292
20.61,6.8,308
20.62,6.91,308
20.88,7.43,288
20.79,7.01,302
20.14,7.05,295
20.23,7.07,305
20.23,6.63,287
20.23,6.75,301
20.43,6.64,314
20.61,7.23,307
20.4,7.22,298
20.54,7.3,309
20.89,6.64,307
20.28,6.91,312
19.99,6.64,313
20.62,6.68,296
20.73,6.89,290
20.86,7.01,311
20.46,6.7,300
20.43,6.93,305
20.44,7.04,287
20.05,7.48,310
20.05,6.56,292
20.88,6.74,288
20.05,7.48,312
20.19,7.04,293
20.6,7.43,309
20.67,7.2,292
20.08,6.64,306
20.49,7.05,305
20.47,7.05,307
20.43,6.78,305
20.35,7.3,315
20.18,7.36,295
20.37,7.02,300
20.24,7.01,292
20.49,6.6,298
20.18,7.15,295
20.48,6.97,312
20.38,7.42,313
20.45,7.26,300
20.04,7.12,290
20.18,6.91,313
20.52,6.72,300
20.31,7.26,302
20.08,6.73,294
20.53,6.92,306
20.58,7.38,294
20.45,7.11,301
20.03,7.08,289
20.57,6.83,313
20.77,7.17,312
20.38,6.52,312
20.78,6.72,290
20.12,6.65,296
20.03,7.11,295
20.18,7.36,294
20.63,6.81,307
20.21,6.64,296
20.54,6.93,293
20.79,7.14,310
20.2,7.17,310
20.3,7.06,312
20.73,7.47,292
20.24,6.8,287
20.1,6.85,302
20.69,7.29,291
20.12,6.92,303
20.53,6.79,313
20.86,6.7,312
20.3,6.56,288
20.13,7.2,315
20.48,6.64,310
20.46,6.53,300
20.54,6.68,296
20.41,7.08,297
20.4,7.4,289
20.04,7.3,306
20.58,7.14,297
20.77,6.96,308
20.77,7.34,292
20.27,6.8,292
20.23,6.88,312
20.5,6.78,306
20.11,6.92,305
20.7,7.08,305
20.7,7.41,289
20.37,6.57,295
20.46,6.91,299
20.73,7.25,315
20.22,6.55,315
20.48,6.55,287
20.89,7.48,294
20.37,6.97,311
20.18,7.07,293
20.12,7.4,315
20.57,7,294
20.16,7.38,288
20.72,7.15,302
20.36,7.24,312
20.33,7.3,302
20.35,6.57,306
20.55,6.61,289
20.73,6.57,288
20.68,6.69,301
20.8,7.09,296
20.89,6.78,303
20.11,6.93,289
20.83,6.83,288
20.57,6.89,293
20.77,6.6,299
20.11,6.92,314
20.36,6.61,306
19.98,7,295
20,6.68,294
20.08,6.72,288
20.59,6.93,312
20.46,7.13,295
20.32,7.48,311
20.11,6.56,301
20.54,6.62,311
20.17,7.23,292
20.83,6.6,288
20.54,6.9,300
20.79,7.02,310
20.29,6.96,305
20.8,7.17,289
20.73,6.72,291
20.36,7.26,303
20.5,6.97,288
20.19,6.76,288
20.17,7.34,311
20.72,7.1,294
20.47,6.99,301
20.85,6.95,302
20.53,7.34,302
20.03,7.28,295
19.99,7.07,298
20.11,6.9,291
20.8,7.3,308
20.11,6.51,290
20.48,7.38,288
20.67,7.17,310
20.66,7.19,292
20.53,7.36,311
20.88,6.85,315
20.28,7.44,304
20.85,7.16,291
20.09,6.95,314
20.65,6.9,308
20.22,6.83,289
20.71,6.97,290
20.57,6.67,302
20.16,7.32,297
20.57,6.58,291
20.34,7.13,309
20.55,6.77,299
20.63,6.82,295
20.87,7.42,296
20.57,6.61,299
20.35,7.32,292
20.81,7.33,301
20.56,6.53,303
20.3,6.99,313
20.68,6.84,297
20.69,7.42,313
20.63,7.2,298
20.16,6.67,314
20,6.8,296
20.11,7.42,292
20.31,6.57,302
20.73,7.05,300
19.99,7.37,288
20.03,7.23,288
20.53,6.64,301
20.86,6.82,289
20.27,7.23,297
20.58,7.18,307
20.75,7.46,301
20.86,7.04,312
20.27,6.6,310
20.78,7.22,305
20.51,7.05,309
20.15,7.32,304
20.54,7.32,287
20.81,6.53,314
20.25,7.49,287
20.54,6.97,292
20.11,6.91,296
20.43,7.06,290
20.19,7.17,299
20.81,7.37,302
20.8,6.51,314
20.22,6.7,306
20.39,6.99,291
20.4,6.69,310
20.31,6.52,287
19.99,6.98,298
20.24,6.67,298
20.54,7.49,310
20.62,7.22,315
20.5,6.94,291
20.34,6.81,310
20.78,7.03,303
20.1,6.64,289
20.56,6.8,310
20.25,7.19,291
20.2,7.23,304
20.6,6.54,306
20.33,7.39,297
20.79,7.27,312
20.71,7.19,297
20.66,7.47,314
20.37,7.11,315
20.74,6.95,311
20.82,7.35,308
20.37,6.65,306
20.34,6.57,308
20.29,7.43,310
20.77,7.18,309
20.01,7.41,313
20.39,7.32,302
20.15,7.19,305
20.43,7.47,306
20.69,7.06,294
20.84,6.51,315
20.67,7.26,306
20.72,7.42,287
20.65,6.73,312
20.5,7.26,309
20.84,6.71,290
20.18,6.83,297
20.39,7.07,301
20.72,7.41,288
20.41,6.87,303
20.11,7.11,302
20.81,7.23,312
20.34,7.35,291
20.4,6.9,295
20.06,7.21,300
20.41,6.92,315
20.82,6.54,314
20.22,7.25,292
20.55,6.81,306
20.8,6.63,305
20.82,6.69,298
20.71,7.06,302
20.07,7.03,295
20.47,6.9,306
20.78,7.43,304
20.66,7.41,300
20.61,6.7,288
20.82,7.13,290
20.85,6.96,295
20,6.87,294
20.63,7.44,299
20.03,7.34,288
20.15,6.9,295
20.81,6.95,295
20.03,7.2,302
20.6,7.37,299
20.53,6.77,298
20.27,6.72,298
20,7.29,301
20.29,6.51,300
20.08,7.48,303
20.77,6.71,304
20.38,6.97,300
20.7,7.32,291
20.62,6.86,314
20.78,6.52,287
20.84,7.22,292
20.86,7.28,314
20.82,7.34,309
20.77,7.42,310
20.13,6.58,302
20.73,6.81,295
20.28,6.74,292
20.88,6.9,304
20.21,6.77,307
20.1,6.78,313
20.75,6.52,309
20.08,6.71,301
20.65,7.43,310
20.1,7.35,294
20.52,7.32,292
20.88,6.83,304
20.88,6.66,288
20.82,7.19,298
20.39,7.44,300
20.37,6.71,303
20.26,7.15,289
20.88,6.51,297
20.25,6.73,310
20.35,7.39,311
20.05,6.51,298
20.55,6.55,309
20.45,6.58,303
20.24,6.92,299
20.39,7.49,302
20.3,6.5,310
20.34,6.89,300
20.14,7.38,306
20.85,6.51,312
19.99,7.49,315
20.36,6.78,303
20.42,7.13,309
20.09,6.63,304
20.34,7.08,306
20.23,6.91,308
20.71,7.41,312
20.73,7.25,307
20.67,7.26,294
20.28,6.51,287
20.22,7.21,289
20.52,6.69,293
20.77,6.56,299
20.45,6.79,298
20.46,7.36,308
20.11,7.3,311
20.59,7.23,306
20.64,7.23,300
20.11,6.82,314
20.24,6.57,309
20.74,6.76,302
20.84,7.33,308
20.79,7.1,305
20,7.19,296
20.59,7.19,291
20.12,6.94,314
20.56,7.12,292
20.43,7.44,307
20.18,7.03,302
20.81,6.66,307
20.41,7.05,299
20.1,6.91,315
20.44,6.53,298
20.34,7.3,297
20.56,7.03,299
20.68,6.67,295
20.76,7.35,302
20.22,7.42,293
20.38,6.9,315
20.42,7.39,306
20.83,7.2,298
20.42,7.09,310
20.55,7.43,289
20.5,7.19,310
20.56,7.42,298
20.81,6.75,289
20.21,7.4,314
20.5,7.23,297
20.3,7.17,305
20.52,7.09,295
20.17,7.48,307
20.08,6.86,306
20.82,6.64,314
20.36,7.32,309
20.37,6.55,312
20.24,6.91,299
20.42,7.02,312
20.87,6.64,291
20.72,7.22,315
20.27,6.61,304
20.66,6.67,301
20.47,7.39,292
20.8,7.39,290
19.99,6.68,308
20.85,6.93,301
20.11,6.59,314
20.37,7.03,304
20.23,7.23,312
20.72,7.19,296
20.17,7.08,291
20.61,7.28,292
20.52,7.48,292
20,7.36,291
20.55,6.85,314
20.69,6.76,292
20.75,6.78,302
20.1,7.27,287
20.66,6.56,291
20.44,6.96,315
20.65,7.18,291
20.1,7.16,308
19.98,6.9,307
20.02,6.84,307
20.84,7.41,294
20.14,6.59,300
20.35,7.08,309
20.72,7.18,311
20.33,6.93,307
20.19,6.71,314
20.24,6.95,310
20.62,7.06,312
20.38,7.45,300
20.36,6.6,306
20.86,7.32,315
20.54,7.45,290
20.38,7.2,290
20.62,6.67,294
20,6.62,310
20.06,6.8,309
20.53,7.05,315
20.1,6.58,287
20.5,7.43,294
19.99,6.91,299
20.45,6.9,293
20.06,7.47,300
20.2,7.47,299
20.41,6.51,289
20.15,6.79,302
20.72,6.58,296
20.29,6.57,294
20.8,7.18,304
20.58,7.11,291
20.75,7.27,303
20.79,7.15,299
20.08,7.16,296
20.46,6.98,289
20.25,6.99,291
20.22,7.09,293
20.38,7.05,296
20.41,7.07,310
20.58,6.79,300
20.48,7,297
20.73,7.31,309
20.65,6.8,297
20.84,6.9,291
20.2,7.39,313
19.99,7.08,297
20.09,7.33,314
20.51,6.58,292
20.23,6.94,302
20.62,6.57,291
20.18,6.91,301
20.44,7.25,309
20.6,6.55,301
20.19,7.05,309
20.66,6.71,315
20.1,7.44,289
20.31,6.87,314
20.72,7.26,291
20.07,7.45,303
20.87,7.09,293
20.63,6.58,305
20.55,7.26,310
20.45,7.06,289
20.27,6.99,303
20.62,7.27,303
20.37,7.44,306
20.53,6.75,312
20.71,6.92,293
20.25,6.81,295
20.26,7.14,298
20.47,7.16,301
20.13,7.15,299
20.08,6.75,287
20.38,7.45,308
20.07,7.37,309
20.64,7,314
20.79,7.19,296
20.42,6.62,312
20.43,7.22,290
20.26,6.54,315
20.71,6.86,288
20.57,6.8,306
20.27,6.66,313
20.06,7.2,299
20.6,7.4,315
20.32,6.66,308
20.11,6.76,313
20.39,6.91,292
20.55,7.36,292
20.88,6.52,299
20.59,7.22,300
20.56,6.71,313
20.53,6.82,313
20.23,6.84,296
20.28,6.91,310
20.84,6.59,305
19.99,7.13,295
20.26,6.68,287
20.72,6.87,313
20.23,7.32,315
20.46,7.07,307
20.48,6.82,307
20.45,7.45,307
20.66,6.7,296
20.36,7.01,302
20.75,6.67,315
20.72,6.58,302
20.69,6.5,313
20.77,7.5,290
20.09,6.51,299
20.79,7.26,291
20.74,6.51,310
20.04,7.07,299
20.34,6.53,301
20.83,6.78,306
20.18,6.65,310
20.13,6.94,294
20.59,6.85,305
20.58,6.64,315
20.28,6.95,300
20.19,6.74,305
20.02,6.67,291
20.44,6.74,292
20.4,6.82,304
20.72,7.37,315
20.18,6.6,308
20.48,6.61,297
20.63,6.91,311
20.09,7.35,302
20.17,6.75,289
20.66,6.98,309
20.09,7.22,315
20.08,7.04,295
20.67,6.67,305
20.48,7.15,292
20.01,6.59,291
20.47,7.05,312
20.51,7.29,300
20.52,7.09,306
20.48,6.77,307
20.47,7.05,304
20.17,7.44,312
20.06,7.46,308
20.41,6.53,290
20.57,7.2,290
20.09,6.62,294
20.24,7.33,298
20.85,6.61,292
20.24,7.14,292
20.86,6.6,312
20.73,6.85,301
20,6.99,306
20.38,6.66,292
20.29,7.41,288
20.05,6.52,308
20.26,7.46,303
20.81,6.51,298
20.72,7,299
20.51,7.38,308
20.25,7.02,310
20.37,6.55,315
20.77,7.06,293
20.78,7.3,288
20.41,6.93,312
20.43,7.04,297
20.11,7.15,315
20.19,7.36,305
20.82,7.43,292
20.63,6.56,308
20.16,7.45,311
20.45,7.27,297
20.11,6.74,301
20.26,7.4,300
20.1,6.86,289
20.79,7.42,309
20.51,7.04,305
20.63,6.53,308
20.28,6.76,288
20.42,7.29,309
20.79,7.05,287
20.67,6.85,307
20.64,6.56,299
19.99,7.1,289
20.03,7.25,297
20.32,6.93,311
20.32,6.83,303
20.82,6.57,290
20.14,7.42,305
20.64,7.42,302
20.82,7.11,300
20.21,7.45,288
20.12,6.97,287
20.34,7.1,300
20.1,7.25,287
20.2,7.36,290
20.02,7.27,300
20.19,7.11,291
20.09,7.23,310
20.42,6.8,294
20.41,6.68,291
20.2,6.65,304
20.65,7.44,290
20.61,6.83,297
20.03,7.3,310
20.38,7.48,297
20.8,7.35,312
20.16,7.33,315
20.22,6.81,309
20.09,7.05,295
20.14,6.69,313
20.23,6.67,303
20.68,6.7,295
20.69,6.7,308
20.44,7.34,287
20.46,6.83,310
20.74,7.41,297
20.5,7.37,298
20.43,7.1,303
20.02,7.27,298
20.13,6.69,300
20.36,7.22,297
20.87,6.65,288
20.23,7.4,298
20.64,6.67,295
20.42,6.7,293
20.89,7.27,293
20.21,7.2,299
20.45,7.21,308
20.65,6.59,313
20.52,7.01,295
20.11,7.07,303
19.98,6.71,307
20.88,6.61,295
20.29,7.2,297
20,6.72,310
20.03,6.97,296
20.57,6.67,309
20.2,7.35,304
20.44,6.51,295
20.87,6.89,291
20.79,6.86,304
20.53,7.18,309
20.87,6.99,290
20.65,7.19,288
20.84,7.15,288
20,7.37,290
20.43,6.65,304
20.49,7.09,289
20.88,7.45,295
20.7,6.8,313
20.17,6.98,288
20.61,6.57,308
20.14,7.43,295
20.53,7.34,292
20.55,7.26,310
20.24,6.92,292
20.51,7.05,305
20.88,7.03,295
20.29,6.88,300
20.41,7.47,288
20.56,6.7,291
20.28,7.04,309
20.67,6.8,289
20.64,6.69,308
20.57,7.11,311
20.53,6.79,297
20.78,6.65,306
20.4,6.54,309
20.3,6.93,301
20.83,7.19,314
20.04,7.31,289
20.6,7.42,300
20.68,6.56,297
20.32,6.69,307
20.83,6.8,312
20.57,7.17,289
20.18,6.85,305
20.18,7.46,288
20.69,7.18,304
20.83,7.28,300
20.15,7.1,291
19.99,6.85,314
20.61,6.53,296
20.3,7.22,295
20.79,6.71,299
20.09,7.45,308
20.55,7.36,301
20.8,6.72,287
20.5,6.9,292
20.4,6.81,291
20.39,6.9,309
20.33,6.73,308
20.11,7.13,300
20.55,7.11,298
20.68,7.06,290
20.15,6.63,287
20.47,6.99,302
20.78,7.41,301
20.56,7.05,305
20.33,6.61,315
20.43,7.06,310
20.21,7.49,290
20.62,7.3,293
20.27,7.29,290
20.19,7.48,290
20.43,7.33,307
20.76,6.93,298
20.54,7.28,296
20.03,6.67,314
20.64,6.92,290
20.27,7.11,287
20.01,7.42,314
20.1,6.8,311
20.64,7.28,287
20.31,7.1,301
20.18,6.69,300
20.2,7.48,314
20.6,6.97,315
20.17,6.59,309
20.62,7.04,288
20.77,6.77,310
20.46,6.89,302
20.07,6.67,300
20.09,7.23,311
19.99,7.49,293
20.46,7.39,299
20.5,7.35,309
20.27,6.95,301
20.59,7.09,300
20.72,6.72,302
20.76,7.23,306
20.75,7.34,294
20.72,7.45,288
20.06,7.08,303
20.42,7.27,315
20.43,7.43,305
20.58,7,301
20.41,7.02,291
20.37,6.82,290
20.55,6.79,315
20.19,7.41,314
20.48,7.46,310
20.12,7.06,288
20.18,7.41,287
20.31,6.52,294
20.58,6.82,292
20.03,6.77,310
20.43,6.91,304
20.09,6.66,301
20.02,7.1,310
20.61,7.35,310
20.59,6.88,314
20.13,7.03,313
20.61,6.78,315
20.44,7.34,293
20.75,6.64,292
20.69,6.63,315
20.66,6.87,297
20.8,7.26,294
20.76,7.05,291
20,6.58,301
20.18,6.78,300
20.42,7.23,294
20.82,6.64,311
20.18,7.08,296
20.3,7.37,312
20.14,6.68,289
20.16,7.09,302
20.01,6.5,315
20.81,7.37,298
20.42,7.03,294
20.07,6.6,298
20.85,6.66,312
20.08,7.35,289
20.82,7.01,293
20.1,7.25,313
20.74,6.7,289
20,6.9,308
20.17,7.21,304
20.29,6.81,289
20.36,7.23,302
20.04,7.21,287
20.57,7.13,296
20.04,7.46,292
20.15,7.31,305
20.55,6.65,303
20.55,7.03,288
20.34,7.45,308
20.75,7.43,294
19.98,7.17,302
20.44,7.04,301
20.46,7.16,314
20.49,6.96,313
20.66,6.53,292
20.56,6.62,294
20.23,6.95,297
20.31,7.04,306
20.24,6.92,291
20.73,6.6,287
20.79,7.14,299
20.89,7.28,291
20.86,6.81,312
20.81,6.78,312
20.3,7.1,312
20.58,6.54,308
20.87,7.09,298
20.43,7.48,299
20.74,6.93,298
20.03,7.28,310
20.56,6.53,310
20.04,6.52,314
20.31,7.22,293
20,6.89,303
20.02,7.34,300
20.59,6.84,301
20.81,7.26,299
19.98,6.74,298
20.02,7.4,314
20.61,6.57,312
20.09,6.52,309
20.16,7.15,314
20.47,6.87,303
20.81,7.49,301
20,6.8,313
20.17,7.17,312
20.29,7.46,306
20.58,6.86,295
20.69,6.56,301
20,6.55,301
20.84,7.1,287
20.49,6.75,294
20.52,6.79,312
20.64,6.8,287
20.23,6.72,289
20.17,6.56,289
20.3,6.75,313
20.11,6.73,291
20.87,7.25,308
20.27,6.65,302
20.85,7.03,313
20.4,6.73,293
20.42,7.01,289
20.04,6.9,288
20.43,6.98,315
20.72,6.58,308
20.77,6.79,312
20.52,7.08,294
20.82,7.48,305
20.21,6.97,306
20.56,7.1,299
20.22,7.03,315
20.53,7.04,290
20.78,6.64,291
20.86,6.95,300
20.15,7.26,306
20.18,7.32,313
20.8,7.19,309
20.82,7.42,312
20.43,6.86,295
20.8,6.58,314
20.4,7.07,301
20,6.8,301
20.63,6.93,304
20.57,7.18,306
20.46,7.14,289
20,6.7,313
20.41,6.99,314
19.99,7.28,287
20.58,6.99,312
20.65,6.87,301
20.69,6.72,290
20.85,6.61,299
20.25,7.02,307
20.28,7.01,308
20.36,7.06,299
20.58,7.01,302
20.76,7.49,311
20.04,7.1,302
20.37,6.72,288
20.85,6.67,310
20.72,7.08,288
20.27,7.34,308
20.19,7.48,291
20.72,6.98,312
20.43,7.11,311
20.1,6.54,298
20.38,6.65,311
20.78,7.28,313
20.53,6.84,308
20.3,7.01,300
20.4,7.12,295
20.48,6.62,295
20.68,7.41,306
20.12,7.06,291
20.66,6.97,298
20.22,6.85,307
20.12,7.08,307
20.78,7.38,314
20.46,6.82,301
20.07,6.75,289
20.56,6.78,291
20.41,6.63,309
20.57,7.04,296
20.37,7.38,298
20,6.7,305
20.45,6.6,292
19.99,6.89,308
20.87,7.11,305
20.77,7.32,311
20.13,6.84,291
19.98,7.41,308
20.15,6.53,299
20.42,7.07,287
20.08,6.51,289
20.44,6.86,289
20.51,6.66,296
20.85,6.92,291
20.12,6.58,300
19.99,7.18,311
20.31,6.7,293
20.27,6.73,304
20.2,6.78,301
20.48,6.62,294
20.46,7.07,293
20.33,7.28,299
20.35,6.58,310
20.74,6.67,287
20.83,6.85,304
20.65,6.54,297
20.4,7.39,309
20.17,6.66,312
20.34,7.26,287
20.64,6.94,311
20.11,6.54,314
20.48,7.02,315
20.24,7.2,315
20.3,6.86,305
20.85,7.37,307
20.38,7.34,302
20,6.66,309
20.07,6.9,294
20.71,7.01,301
20,7.41,306
20.41,7.4,289
20.67,7.41,287
20.01,6.77,306
20.62,7.06,307
20.24,6.8,303
20.87,7.31,313
20.72,7.28,298
20.74,6.79,290
20.19,6.88,288
20.41,6.61,312
20.22,6.73,290
20.32,7.05,308
20.3,6.81,313
20.65,6.74,304
20.52,6.66,289
20.88,6.55,288
20.39,7.22,301
20.14,6.75,305
20.64,7.48,301
20.29,6.55,301
20.8,7.17,288
20.55,6.64,308
20.77,7.2,294
20.44,6.72,289
20.74,7.47,297
20.25,7.31,302
20.4,6.77,315
20.83,6.62,311
20.42,6.91,308
20.14,6.52,311
20.3,6.87,309
20.29,7,298
20.73,6.91,313
20.73,6.8,304
20.31,6.66,304
20.12,6.88,290
20.7,6.5,297
20.6,6.79,288
20.27,7.01,311
20.12,6.83,290
20.64,6.8,314
20.26,7.16,312
20.17,7.41,301
20.13,7.41,315
20.22,6.57,308
20.72,6.57,299
20.59,6.71,288
20.43,7.48,296
20.77,6.58,295
20.31,6.53,314
20.13,6.98,292
20.51,7.05,304
20.73,6.76,295
20.55,7.35,312
20.6,7.47,298
20.05,6.54,292
20.36,6.61,292
20.81,7.37,288
20.45,6.51,306
20.76,7.18,312
20.11,7.05,315
20.26,6.89,292
20.3,7.47,305
20.87,6.89,287
20,7.21,292
20.65,7.32,287
20.46,6.7,291
20.75,7.49,293
20.38,7.09,308
20.63,7.44,315
20.73,6.92,303
20.44,6.76,294
20.02,6.67,304
20.03,7.05,312
20.05,6.63,298
20.29,7.13,309
20.12,6.96,295
20,6.85,301
20.49,7.15,288
20.07,6.64,303
20.24,7.22,311
20.6,6.95,297
20.64,7.46,307
20.01,7.32,310
20.43,6.84,295
20.24,7.23,293
20.8,7.33,287
20.32,6.82,308
20.62,6.92,305
20.79,6.96,296
20.53,7.09,298
20.51,6.59,296
20.59,6.83,287
20.29,6.94,302
20.22,6.71,288
20.81,7.41,293
20.33,7.3,295
20.55,7.44,310
20.03,6.51,295
20.41,6.91,294
20.46,6.71,303
20.22,7.05,314
20.66,7.22,309
20.78,7.43,307
20.22,6.99,300
20.36,7.15,304
20.35,6.6,301
20.83,7.22,298
20.24,6.61,300
20.42,7.32,311
20.56,7.02,289
20.08,7.17,306
20.87,7.13,294
20.01,6.59,300
20.35,7.47,312
20.64,6.59,288
20.88,6.8,309
20.04,7.02,291
20.04,7.29,289
20.68,6.68,309
20.24,7.21,295
20.83,6.6,297
20.5,7.4,297
20.33,6.83,305
20.47,7.18,295
20.83,7.39,291
20.61,7.29,312
20.74,6.9,287
20.01,7.12,291
20.19,6.66,307
20.48,7.45,297
20.17,7.01,305
20.72,7.47,311
20.54,6.52,314
20.38,6.8,310
20.37,6.72,298
20.61,6.63,307
20.76,7.26,313
20.66,6.85,297
20.12,7.03,293
20.53,7.38,290
20.6,6.97,315
20.79,7.16,310
20.21,7.03,291
20.06,6.95,287
20.19,7.44,298
20.19,6.52,293
20.62,7.5,289
20.75,7.43,313
20.74,7.05,307
20.78,6.83,288
20.78,6.62,293
20.55,7.48,290
20.66,6.94,298
20.4,7.31,295
20.4,7.49,299
20.42,7.24,303
20.51,6.84,289
20.08,6.54,291
20.4,7.31,313
20.86,7.08,301
20.7,6.6,299
20.05,7.2,294
20.83,6.84,305
20.49,6.78,311
20.86,7.39,304
20.55,6.81,303
20.53,7.39,292
20.16,7.2,293
20.44,7.05,312
20.06,7.35,302
20.84,6.64,288
20.89,7.03,288
20.3,6.81,298
20.02,6.62,312
20.3,7.43,313
20.42,7.23,296
20.75,7.14,302
20.62,6.63,291
20.39,6.82,287
20.59,7.01,290
20.49,6.98,293
20.35,6.6,315
20.7,7.13,309
20.89,6.6,293
20.18,6.99,287
20.26,7.18,300
20.42,6.64,287
19.98,6.79,293
20.38,7.32,295
20.18,7.16,306
20.87,7.14,301
20.55,6.74,310
20.85,6.73,313
20.24,7.14,293
20.05,6.81,312
20.89,7.04,288
20.25,7.32,292
20.7,7.36,301
20.47,6.87,306
20.84,7.43,312
20.04,7.3,303
20.73,7.01,308
20.16,6.97,294
20.88,6.85,296
20.83,6.83,290
20.11,7.09,302
20.56,6.9,315
20.46,6.84,289
20.39,6.7,292
20.2,7.3,291
20.22,6.53,289
20.59,6.68,301
20.09,6.99,299
20.72,7.36,313
20.06,6.76,303
20.62,6.59,311
20.73,7.28,287
20.08,6.8,288
20.06,6.91,287
20.49,6.83,301
20.84,6.68,287
20.34,6.56,315
20.06,6.51,298
20.02,6.9,307
20.04,7.26,311
20.17,6.84,309
20.71,7.04,294
20.12,7.28,287
20.2,7.32,288
20.62,7.17,302
20.81,6.83,310
20.15,7.46,300
20.21,6.72,287
20.71,6.69,294
20.13,6.56,313
20.58,7.32,287
20.5,7.06,298
20.61,7.04,303
20.18,7,288
20.32,7.28,287
19.98,7.14,291
19.99,6.77,291
20.41,6.68,296
19.99,7.07,311
20.76,6.65,305
20.23,6.84,294
20.7,7.39,290
20.66,6.73,313
20.23,6.59,303
20.84,7.1,290
20.68,6.51,289
20.56,6.67,308
20.33,6.59,291
20.27,6.97,308
20.19,7.48,311
20.53,7.18,293
20.84,7.18,291
20.08,6.8,314
20.36,6.77,291
20.82,7.43,292
20.06,6.54,291
20.72,6.96,294
20.44,6.95,295
20.84,7.24,288
20.06,6.89,312
20.71,7.12,307
20.14,7.15,315
20.14,6.68,304
20.33,6.61,304
20.18,6.87,288
20.23,6.53,313
20.22,6.92,297
20.54,6.83,299
20.78,7.29,306
20.21,7.4,301
20.78,7.46,314
20.29,7.15,310
20.56,7.15,309
20.19,7.07,296
20.23,6.79,309
20.77,6.66,305
20.03,7.43,298
20.11,7.17,306
20.71,7.34,313
20.76,7.49,305
20.35,6.95,300
20.73,6.84,298
20.69,6.86,297
20.03,7.49,289
20.78,6.54,310
20.32,6.83,311
20.03,6.52,312
20.01,6.53,298
20.1,6.61,306
20.52,6.65,308
20.48,7.19,293
20.27,6.96,310
20.3,7.46,302
20.64,6.6,292
20.81,7.29,294
20.66,6.8,306
20.16,6.86,309
20.6,6.54,287
20.63,6.83,310
20.04,7.18,314
19.98,7.16,309
20.2,7.13,308
20.11,7.1,304
20.72,6.81,309
20.86,7.38,315
20.36,7.46,297
20.33,6.78,300
20.38,6.56,301
20,7.05,305
20.29,7.06,294
20.83,7.01,289
20.67,6.54,287
20.63,7.32,293
20.31,6.54,296
20.14,6.94,310
20.88,7.21,310
20.83,6.83,312
20.54,7.24,292
20.88,6.67,293
20.81,6.57,296
20.5,7.26,287
20.18,6.78,294
20.19,6.65,293
20.8,7.22,296
20.68,7.49,294
20.61,6.73,287
20.08,6.65,306
20.55,7.31,305
20.09,7.1,303
19.99,6.86,310
20.17,6.82,298
20.16,7.16,288
20.72,6.76,295
20.02,6.52,304
20.45,6.72,287
20.49,7.49,314
20.58,6.78,313
20.62,6.62,291
20.45,6.73,314
20.8,7.2,305
20.67,6.63,312
20.08,7.38,300
20.44,6.74,309
20.11,6.83,296
20.29,7.48,291
20.3,6.64,313
20.64,7.49,302
20.75,7.4,305
20.57,6.99,315
20.45,6.98,302
20.54,7.42,303
20.13,6.53,301
20.38,7.14,305
20.24,6.58,296
20.41,6.62,298
20.37,6.55,295
20.56,6.88,311
20.23,6.82,291
20.07,6.62,301
20.64,7.27,315
20.35,6.57,294
20.32,7.41,311
20.64,6.86,315
20.12,7.06,309
20.24,6.8,315
20.48,7.28,287
20.22,7.48,303
20.7,6.72,314
20.65,6.62,297
20.86,7.21,314
20.19,7.11,311
20.51,7.45,293
20.13,6.81,301
20.81,7.03,307
20.72,7.45,290
20.72,6.95,298
20.28,6.91,293
20.84,6.84,300
20.08,7.44,310
20.19,6.56,302
20.59,6.65,297
20.55,6.77,306
20.71,6.62,290
20.53,6.94,299
20.78,6.84,288
20.62,7.01,289
20.82,7.5,288
20.72,6.73,294
20.05,6.96,306
20.64,7.01,313
20.05,6.93,313
20.51,6.85,309
20.17,7.38,297
20.1,7.07,301
20.64,7.21,307
20.7,6.85,298
20.89,6.65,294
20.56,7,300
20.45,6.63,304
20.78,7.12,305
20.81,7.41,292
20.83,7.35,299
20.38,6.71,287
20.49,6.69,303
20.19,7.13,291
19.99,6.57,292
20.02,7.35,295
20.22,7.04,301
20.82,6.94,296
20.31,7.23,296
20.44,7.15,314
20.36,7.13,290
20.42,6.53,300
20.36,7.21,305
20.53,7.47,299
20.16,7.29,302
20.46,6.71,288
20.5,7.19,313
20.11,6.75,299
20.66,7.4,295
20.75,6.61,306
20.27,7.31,298
20.84,6.62,298
20.48,6.7,290
20.71,7.38,302
20.22,7.44,301
20.46,6.81,304
20.83,6.77,312
20.66,7.08,290
20.82,7.02,311
20.17,6.61,288
20.88,7.12,294
20.52,6.92,291
20.49,7.41,308
20.42,6.6,304
20.44,7.46,308
20.4,6.58,301
20.29,7.33,310
20.49,6.78,301
20.19,6.63,309
20.54,6.67,303
20.38,6.54,313
20.06,6.88,289
20.17,7.03,294
20.46,7.06,313
20.79,7.35,314
20.35,6.81,308
20.6,7.28,310
20.88,6.97,306
20.54,7.37,304
20.7,7.36,303
20.18,6.57,313
20.24,7.08,287
20.01,6.71,294
20.4,6.67,304
20.12,7.05,300
20.03,7.37,300
20.21,6.73,291
20.33,7.42,290
20.78,6.89,299
20.28,7.44,292
20.43,6.94,290
20.89,6.85,299
20.89,7.42,313
20.46,6.74,303
20.07,6.7,296
20.71,7,305
20.83,7.44,305
20.22,7.25,301
20.52,7.19,306
20.79,7.12,307
20.87,7.27,305
20.52,7.34,293
20.17,7.18,300
20.4,7.12,315
20.16,6.86,309
20.12,6.51,311
20.08,6.63,307
20.43,7.08,297
20.19,6.68,309
20.56,7.21,305
20.5,6.54,314
20.69,6.53,288
20.85,7.12,313
19.98,7.14,311
20.72,7.41,287
20.05,6.56,308
20.05,6.86,292
20.46,7.12,289
20.86,6.59,291
20.38,6.56,307
20.8,6.59,304
20.5,7.22,295
20.78,7.48,312
20.63,7.36,303
20.32,7.1,314
20.33,7.28,314
20.51,6.67,293
20.23,6.51,313
20.01,7.13,298
20.46,6.97,296
20.38,7.17,293
20.85,6.89,294
20.81,6.68,299
20.42,6.98,310
20.12,7.1,303
20.85,7.15,312
20.51,7.27,297
20.7,6.71,307
20.38,6.72,296
20.23,6.98,293
20.86,7.28,292
20.81,6.51,298
20.57,6.56,296
20.33,6.72,305
20.55,7.38,303
20.75,7.15,303
20.81,6.94,303
20.14,6.58,298
20.27,7.23,311
20.64,7.13,311
20.87,6.51,309
20.68,6.56,309
20.78,7.39,299
20.42,6.66,287
20.74,6.87,309
20.49,7.05,306
20.16,7.43,302
20.79,6.54,309
20.74,6.63,302
20.7,7.35,309
20.23,6.71,315
20.17,6.69,305
20.48,6.94,293
20.51,6.74,312
20.27,7.47,304
20.53,6.7,295
20.3,7.06,306
20.89,7.02,293
20.85,6.54,306
20.16,6.82,308
20.12,7.01,302
20.51,7.49,313
20.48,6.56,313
20,7,303
20.5,7.18,292
20.38,7.4,309
20.79,7.05,308
20.37,7.25,295
20.77,7.27,313
20.56,7.49,303
20.55,7.19,294
20.02,6.61,287
20.68,7.03,289
20.63,7.05,287
20.43,7.46,313
20.22,7.04,314
20.59,6.5,304
20.28,6.67,287
20.05,7.17,300
20.2,7.17,298
20.88,6.73,301
20.31,7.12,305
20.3,7.1,298
20.17,6.85,297
20.19,6.78,299
20.32,6.65,287
20.6,6.67,313
20.06,6.83,304
20.56,7.09,297
20.46,6.56,308
20.42,7.06,300
20.57,6.58,298
20.74,7.42,290
20.85,7.31,308
20.27,6.96,306
20.67,6.96,304
20.06,6.73,315
20.76,7.41,296
20.65,7.31,288
20.44,6.96,294
20.84,7.16,304
20.21,7.48,297
20,6.72,314
20.23,6.93,308
20.61,6.75,298
20.63,6.72,309
20.41,7.19,289
20.61,7.23,297
20.59,6.9,308
20,7.31,288
20.18,6.96,296
20.49,7.45,299
20.51,7.48,301
20.11,6.51,312
20.75,7.13,313
20.41,6.81,288
20.35,7.45,311
20.46,6.79,287
20.18,6.56,306
20.5,7.18,311
20.41,7.26,313
20.51,6.94,297
20,7.11,296
20.84,7.15,300
20.42,7.42,289
20.17,6.62,300
20.88,6.71,308
20.83,7.13,291
20.27,6.62,305
20.46,7.06,294
20.04,7.21,310
20.7,7.01,291
20.18,7.17,313
20.75,7.26,304
20.18,6.83,299
20.26,6.55,290
20.65,7.47,299
20.57,6.65,310
20.72,6.96,306
20.52,6.54,311
20.27,6.77,288
20.6,6.65,296
20.25,6.56,298
20.41,7.11,313
20.57,6.52,291
20.5,7.02,307
20.5,7.45,298
20.58,7.33,287
20.88,6.69,293
20.03,7.46,300
20.86,6.86,287
20.68,6.86,288
20.82,6.83,299
20.1,6.71,290
20.03,7.06,315
20.49,7.19,303
20.24,7.23,299
20.31,7.41,288
20.54,6.83,290
20.86,6.69,298
20.24,7.08,290
20.37,6.73,302
20.2,6.91,303
20.21,7.21,311
20.77,6.55,304
20.39,6.62,311
20.51,6.54,314
20.59,6.53,287
20.29,7.22,306
20.16,7.29,300
20.09,7.12,306
20.51,6.87,289
20.72,6.99,312
20.51,6.96,292
20.64,6.64,307
20.14,6.78,294
20.31,6.81,307
20.19,7.25,312
20.17,6.72,304
20.52,6.87,290
20.45,6.66,304
20.72,6.54,296
20.33,6.89,311
20.81,7.44,292
20.39,6.84,304
20.76,6.71,307
20.01,6.68,291
20.81,7.24,292
20.68,6.81,301
20.52,7.16,302
20.35,7.19,300
20.36,7.38,297
20.69,7.43,295
20.67,6.53,314
20.35,6.79,314
20.07,7.1,303
20.04,7.31,300
20.7,7.28,303
20.25,7.33,299
20.15,7.39,289
20.44,7.25,292
20.75,7.07,291
20.22,7.22,290
20.39,7.18,295
20.03,7.23,300
20.24,7.22,298
20.89,7.42,292
20.14,7.3,309
20,7.2,302
20.87,6.78,289
20.37,6.73,315
20.24,6.58,306
20.07,7.31,290
20.29,7.3,314
20.39,6.97,294
20.77,7.44,290
20.35,6.53,296
20.74,6.56,305
20.07,7.01,306
20.88,6.74,304
20.13,7.19,300
20.69,7.41,292
20.57,6.98,293
20.49,7.08,305
20.72,6.66,287
20.7,7.33,303
20.04,6.79,314
20.39,6.65,305
20.31,6.87,310
20.37,7.49,291
20.34,6.6,308
20.55,6.81,302
20.17,6.99,307
20.3,7.31,293
20.2,6.57,308
20.05,7.15,299
20.23,6.71,289
20.56,6.65,311
20.42,7.44,299
20.59,6.76,309
20.64,6.52,303
20.17,6.97,289
19.98,7.12,298
20.76,7.14,313
20.13,7.27,294
20.54,6.73,302
20.76,7.22,312
20.03,6.87,300
20.34,7.41,306
20.78,6.57,305
20.88,6.94,312
20.06,7.42,314
20.52,7.36,313
20.21,7.31,292
20.56,7.5,298
20.65,6.73,287
20.79,7.12,298
20.77,6.95,303
20.02,7.45,299
20.47,6.74,290
20.82,7.43,287
20.65,7.3,292
20.38,7.23,290
20.59,7.38,294
20.64,6.79,309
20.19,7.16,307
20.09,7.46,313
20.68,6.53,295
20.15,7.06,315
20.3,6.76,307
20.61,6.88,301
20.19,7.42,287
20.76,6.58,295
20.1,6.7,306
20.2,7.4,288
20.42,7.27,291
20.2,7.44,309
20.75,7.25,292
20.12,7.38,308
19.98,6.88,310
20.88,7.34,305
20.61,6.86,288
20.31,6.61,291
20.28,7.09,312
20.24,7.29,300
20.86,7.44,309
20.43,7.35,294
20.27,6.96,307
20.85,7.25,292
20.15,7.12,306
20.47,7.39,287
20.35,7.02,290
20.4,7.29,304
20.45,7.3,306
20.7,6.76,302
20.09,6.77,301
20.61,7.01,298
20.72,7.01,287
20.62,7.47,292
20.34,6.52,315
20.65,7.38,304
20.59,7.25,288
20.15,7.29,289
20.24,6.7,315
20.43,7.31,303
20.68,6.94,301
20.84,7,301
20.16,6.97,311
20.44,6.66,310
20.65,6.89,292
20.25,7.1,302
20.58,6.93,303
20.69,7.29,295
20.05,6.95,303
20.8,6.77,311
20.24,6.87,315
20.48,7.46,301
20.76,7.4,295
20.14,6.79,301
20.56,6.58,291
20.15,7.21,299
20.1,7.2,304
20.6,6.95,313
20.01,7.35,314
20.35,7.04,300
20.13,6.93,305
20.43,6.84,310
20.59,7.37,299
20.3,7,292
20.62,7.15,296
20.57,6.95,314
20.18,7.21,292
20.07,6.98,300
20.12,6.9,288
20.45,7.02,292
20.01,6.98,314
20.81,6.72,311
20.28,6.82,294
20.86,6.89,298
20.8,6.65,295
20.62,7.06,309
20.05,7.17,306
20.56,6.53,294
20.06,6.77,295
19.99,7.18,289
20.53,6.94,291
20.02,7.13,310
20.25,7.45,301
20.12,7.06,287
20.78,6.54,301
20.36,6.77,296
20.32,7.08,299
20.41,6.99,289
20.25,6.75,299
20.66,6.85,298
20.41,7.17,304
20.17,6.69,290
20.51,6.83,287
20.89,7.12,287
20.4,6.68,310
20.03,6.52,292
20.06,7.2,306
20.84,6.87,303
20.82,6.71,288
20.24,7.22,305
20.17,7.06,294
20.64,7.35,291
20.02,6.95,299
20.76,6.85,309
20.81,7.07,314
20.71,7.32,290
20.17,7.22,307
20.48,7.12,287
20.87,6.68,314
20.43,7.05,308
20.36,7.02,306
20.28,7.16,294
20.63,6.57,311
20.23,6.6,298
20.34,6.59,304
20.25,6.9,297
20.58,6.76,312
20.34,7.03,305
20.81,6.81,304
20.03,7.06,311
20.18,7.11,312
20.74,7.39,312
20.63,7.37,302
20.5,6.97,314
20.6,7.45,294
20.2,7.26,298
20.07,7.27,289
20.51,6.5,290
20.11,7.25,298
20.65,7.04,293
20.65,7.18,303
20.28,7.27,292
20.02,6.84,315
20.6,7.44,302
20.88,7.24,307
20.53,7.31,308
20.55,6.53,299
20.56,6.91,288
20.57,6.6,311
20.28,6.73,302
20.35,6.73,287
20.88,7.12,302
20.18,7.34,307
20.21,7.36,303
20.44,7.31,299
19.99,6.53,308
20.74,6.76,312
20.47,6.54,305
20.05,7.01,288
20.18,7.02,301
20.54,7.08,307
20.24,6.59,300
20.21,6.74,305
20.3,6.73,290
20.28,6.85,292
20.86,6.72,297
20.24,7.02,313
20.31,6.7,297
20.77,6.87,307
20.54,7.18,305
20.74,6.98,313
20.25,7.23,309
20.52,7.24,293
20.58,7.04,287
20.06,7.25,304
20.81,7.35,314
20.15,7,304
20.61,7.13,313
20.74,7.04,298
20.36,7.1,314
20.23,6.58,303
20.43,7.23,314
20.76,6.99,309
20.62,6.66,297
20.37,7.48,299
20.82,7.32,312
20.39,7.13,298
20.61,6.73,297
20.15,7.31,303
20.68,7.02,300
20.37,6.91,287
20.74,6.63,313
20.29,7.23,291
20.5,7.34,297
20.33,6.65,292
20.73,6.9,310
20.06,7.46,293
20.88,6.6,303
20.33,6.6,287
20.45,7.24,307
20.19,6.7,314
20.59,7.27,291
20.75,6.64,304
20.84,6.69,293
20.36,7.23,289
20.88,7.42,310
20.48,6.83,308
20.79,7.46,298
20.84,6.75,296
20.18,6.98,287
20.74,7.15,314
20.2,7.49,287
20.12,7.47,290
20.67,7.32,310
20.49,7.1,306
20.33,7.3,289
20.68,7.24,291
20.61,6.88,309
20.11,7.39,294
20.65,6.83,289
20.11,7.17,301
20.41,6.62,307
20.54,6.96,296
20.4,7.21,308
20.45,7.21,313
20.2,6.69,313
20.07,7.36,288
20.73,7.22,289
20.52,6.54,306
20.71,7.1,302
20.27,7.38,297
20.67,7.18,288
20.38,7.23,299
20.43,7.2,290
20.54,7.35,310
20.5,7.39,301
20.77,6.95,315
20.65,7.08,311
20.23,6.85,303
20.43,7.09,287
20.55,7.06,314
20.28,7.39,304
20.87,6.78,306
20.34,6.66,288
20.76,7.08,305
20.21,6.59,295
20.49,6.85,311
20.42,7.17,292
20.87,6.99,304
20.2,7.12,288
20.29,6.93,290
20.86,7.03,288
20.39,7.01,300
20.15,7.22,302
20.77,7.01,314
20.21,6.75,300
20.22,6.87,311
20.4,7.26,291
20.11,6.57,288
20.74,7.43,306
20.76,7.2,302
20.23,7.49,291
20.76,7,315
20.17,7.04,300
20.07,7.2,293
20.69,7.09,289
20.22,6.54,313
20.29,7.45,292
20.34,7.15,292
20.53,7.44,299
20.54,6.65,307
20.05,7.14,303
20.4,7.01,290
20.81,6.83,309
20.81,6.85,291
20.33,6.96,299
20.29,6.74,292
20.4,7.22,289
19.99,6.88,311
20.4,6.52,315
20.77,6.62,290
20.5,6.9,292
19.99,7.49,295
20.85,6.76,294
20.03,7.3,313
20.51,7.49,294
20.6,6.89,296
20.1,7.08,314
19.98,7.42,305
20.7,7.19,315
20,7.05,302
20.34,7.26,313
20.19,6.72,292
20.12,7.28,299
20.05,7.1,313
20.67,7.41,291
20.06,6.65,299
19.99,7.46,291
20.43,7.46,290
20.01,6.94,300
20.85,7.21,307
20.19,6.7,294
20.52,6.89,307
20.39,7.07,289
20.87,7.31,310
20.81,7.15,298
20.57,6.87,310
20.52,6.78,315
20.41,7.02,306
20.83,7.05,305
20.57,6.62,300
20.48,6.6,309
20.61,6.51,311
20.37,7.42,311
20.76,6.99,314
20.82,6.75,304
20.37,7.41,299
20.38,7.4,307
20,6.97,306
20.57,7.5,315
20.27,6.87,294
20.36,6.63,315
20.3,7.46,315
20.6,6.91,310
20.88,6.56,303
20.66,7.38,301
20.77,6.81,314
20.69,7.32,287
20.65,7.31,292
20.55,7.27,312
20.6,7.43,295
20.65,6.8,293
20.33,6.93,298
20.07,6.72,292
20.58,7.11,299
20.61,7.23,309
20.28,6.57,304
20.12,7.02,308
20.23,6.51,288
20.55,6.82,313
20.18,7.44,302
20.03,7.36,303
20.71,7.16,303
20.22,6.8,297
20.14,7.25,309
20.83,6.65,293
20.08,7.04,312
20.15,6.92,297
19.98,6.66,288
20.38,7.18,303
20.79,7.43,306
20.09,7.06,314
20.41,6.57,313
20.8,6.67,290
20.85,7.21,291
20.86,6.96,295
20.55,6.93,314
20.74,7.43,301
20.42,6.56,295
20.12,7.46,315
20.72,7.29,300
20.81,6.78,293
20.6,7.42,312
20.78,7.1,308
20.81,6.7,295
20.42,6.73,302
20.22,6.86,313
20.21,6.51,305
20.76,6.9,303
20,6.96,301
20.75,6.62,308
20.67,6.95,287
20.44,7.19,304
20.06,7.09,291
20.75,7.18,299
20.64,6.75,305
20.43,6.58,293
20.65,7.48,306
20.29,6.77,305
20.05,6.73,309
20.05,7.31,298
20.8,6.96,301
20.48,7.5,301
20.16,6.51,293
20.19,6.51,294
20.38,7.39,299
20.82,6.55,305
20.54,7.2,288
20.67,6.53,312
20.24,7.25,295
20.15,7.11,308
20.58,7.16,315
20.87,7.37,288
20.45,7.32,310
20,6.6,303
20.26,7.48,295
20.54,6.98,290
20.27,7.35,312
20.47,7.48,288
20.42,6.78,295
20.82,7.46,294
20.63,7.31,293
20.85,7.05,294
20.78,6.96,312
20.5,6.7,309
20.18,7.07,301
20.6,7.02,297
20.32,6.75,296
20.33,7.26,287
20.19,7.12,299
19.99,6.7,288
20.03,6.84,312
20.85,7.18,299
20.04,7.27,297
20.75,7.3,313
20.88,7.22,311
20.3,6.95,307
20.44,6.87,298
20.35,7.31,315
20.38,6.85,300
20.3,6.67,304
20.07,7.08,310
20.1,7,309
20.4,6.73,306
20.42,7.4,292
20.63,7.21,313
20.31,7.21,292
20.63,6.78,294
20.76,6.99,292
20.44,7.49,301
20.39,6.67,300
20.58,6.76,303
20.68,6.96,310
20.35,7.44,307
20.01,7.39,305
20.4,6.59,307
20.89,6.99,289
20.48,7.35,312
19.99,7.47,309
20.48,7.34,306
20.58,7.01,291
20.44,6.61,309
20.76,7.31,296
20.43,7.35,299
20.1,6.76,315
20.78,7.26,311
20.05,7.32,297
19.98,7.04,309
20.84,7.48,300
20.73,6.58,305
20.7,6.51,287
20.41,7.09,305
20.83,6.66,304
20.07,7.17,290
20.4,7.42,315
20.09,7.3,292
20.56,6.57,312
20.01,7.1,299
20.03,7.2,297
20.57,6.51,287
20.05,6.63,308
20.4,7.18,307
20.5,6.93,309
20.2,6.59,298
20.33,7.26,288
20.47,7.15,300
20.71,6.89,291
20.44,6.74,292
20.72,6.57,311
20.38,7.27,312
20.72,6.71,308
20.71,6.8,308
20.32,7.19,304
20.35,7.13,289
20.83,6.79,306
20.43,6.73,313
20.56,6.5,293
20.3,7.45,288
20.31,7.1,312
20.82,7.17,300
20.66,7.37,300
20.5,7.29,309
20.72,6.65,291
20.73,7.47,305
20.35,6.54,294
20.55,7.12,313
20.87,6.59,305
20.64,6.91,306
20.24,7.27,298
20.03,7.32,312
20.62,6.77,311
20.32,6.82,301
20.1,7.35,302
20.6,7.14,300
20.66,6.8,314
20.86,6.68,301
20.39,6.87,303
20.1,6.68,309
20.13,7.47,288
20.07,6.6,309
20.42,7.06,298
20.27,6.72,298
20.66,6.76,310
20.75,6.77,299
20.27,6.51,313
20.63,6.59,296
20.33,7.06,295
20.1,6.72,301
20.68,6.65,315
20.54,6.77,297
20.28,6.59,315
20.22,6.76,310
20.51,7.09,302
20.2,7.08,311
20.32,6.59,290
20.21,6.74,308
20.03,6.65,303
20.42,6.6,309
20.84,7.21,292
20.02,7.06,298
20.13,6.58,295
20.59,7.02,312
20.69,7.37,294
20.16,7.2,306
20.82,7.19,290
20.37,7.2,311
20.67,7.25,311
20.36,6.88,309
20.55,6.67,313